{"cameraMode":{"drawMode":0,"name":"Shaded","section":"Shading Mode"},"sceneLighting":true,"audioPlay":false,"sceneViewState":{"showFog":true,"showMaterialUpdate":false,"showSkybox":true,"showFlares":true,"showImageEffects":true,"showParticleSystems":true},"in2DMode":false,"pivot":{"x":180.315673828125,"y":-163.55958557128907,"z":-541.8753051757813},"rotation":{"x":0.16019438207149507,"y":0.7902330160140991,"z":-0.23280727863311768,"w":0.543755829334259},"size":1201.027099609375,"orthographic":false}